102,11
102,12
102,13
102,14
102,15
102,21
102,22
102,23
102,24
102,25
102,31
102,32
102,33
102,34
102,35
102,41
102,42
102,43
102,44
102,45
102,S45
102,51
102,52
102,53
102,54
102,55
102,S54
102,K1A
102,K2A
102,K3P
102,K4D
102,K5
102,11
102,12
102,13
102,14
102,15
102,21
102,22
102,23
102,24
102,25
102,31
102,32
102,33
102,34
102,35
102,41
102,42
102,43
102,44
102,45
102,S45
102,51
102,52
102,53
102,54
102,55
102,S54
102,K1A
102,K2A
102,K3P
102,K4D
102,K5
102,11
102,12
102,13
102,14
102,15
102,21
102,22
102,23
102,24
102,25
102,31
102,32
102,33
102,34
102,35
102,41
102,42
102,43
102,44
102,45
102,S45
102,51
102,52
102,53
102,54
102,55
102,S54
102,K1A
102,K2A
102,K3P
102,K4D
102,K5
102,11
102,12
102,13
102,14
102,15
102,21
102,22
102,23
102,24
102,25
102,31
102,32
102,33
102,34
102,35
102,41
102,42
102,43
102,44
102,45
102,S45
102,52
102,53
102,54
102,55
102,S54
102,K1A
102,K2A
102,K3P
102,K4D
102,K5
102,11
102,12
102,13
102,14
102,15
102,21
102,22
102,23
102,24
102,25
102,31
102,32
102,33
102,34
102,35
102,41
102,42
102,43
102,44
102,45
102,S45
102,51
102,52
102,53
102,54
102,55
102,S54
102,31
102,32
102,33
102,34
102,35
102,41
102,42
102,43
102,44
102,45
102,S45
102,51
102,52
102,53
102,54
102,55
102,S54
102,31
102,32
102,33
102,34
102,35
102,41
102,42
102,43
102,44
102,45
102,S45
102,51
102,52
102,53
102,54
102,55
102,S54
102,31
102,32
102,33
102,34
102,35
102,41
102,42
102,43
102,44
102,45
102,S45
102,51
102,52
102,53
102,54
102,55
102,S54
102,31
102,32
102,33
102,34
102,35
102,41
102,42
102,43
102,44
102,45
102,S45
102,51
102,52
102,53
102,54
102,55
102,S54
102,11
102,12
102,13
102,14
102,15
102,21
102,22
102,23
102,24
102,25
102,31
102,32
102,33
102,34
102,35
102,41
102,42
102,43
102,44
102,45
102,S45
102,51
102,52
102,53
102,54
102,55
102,S54
102,11
102,12
102,13
102,14
102,15
102,21
102,22
102,23
102,24
102,25
102,31
102,32
102,33
102,34
102,35
102,41
102,42
102,43
102,44
102,45
102,S45
102,51
102,52
102,53
102,54
102,55
102,S54
102,11
102,12
102,13
102,14
102,15
102,21
102,22
102,23
102,24
102,25
102,K1A
102,K2A
102,K3P
102,K4D
102,K5
102,11
102,12
102,13
102,14
102,21
102,22
102,23
102,24
102,32
102,33
102,35
102,S34
102,41
102,43
102,45
102,S45
102,53
102,54
102,S54
102,S45
102,01
102,K2A
102,K4D
102,K3P
102,52
102,53
102,54
102,55
102,AM
102,PM
102,01
102,1
103,11
103,12
103,13
103,21
103,22
103,23
103,31
103,32
103,33
103,SP3
103,SP4
103,41
103,42
103,SP3
103,SP4
103,51
103,52
103,SP3
103,SP4
103,K1A
103,K1F
103,K2A
103,K2F
103,11
103,12
103,13
103,21
103,22
103,23
103,31
103,32
103,33
103,41
103,42
103,51
103,52
103,K1A
103,K1F
103,K2A
103,K2F
103,SP3
103,SP4
103,SP3
103,SP4
103,SP3
103,SP4
103,11
103,12
103,13
103,21
103,22
103,23
103,SP3
103,31
103,32
103,33
103,SP3
103,41
103,42
103,51
103,52
103,K1A
103,K1F
103,K2A
103,K2F
103,SP3
103,SP4
103,SP3
103,SP4
103,SP3
103,SP4
103,11
103,12
103,13
103,21
103,22
103,23
103,31
103,32
103,33
103,41
103,42
103,51
103,52
103,K1A
103,K1F
103,K2A
103,K2F
103,SP3
103,SP4
103,SP3
103,SP4
103,SP3
103,SP4
103,11
103,12
103,13
103,21
103,22
103,23
103,31
103,32
103,33
103,41
103,42
103,51
103,52
103,SP3
103,SP4
103,SP3
103,SP4
103,SP3
103,SP4
103,31
103,32
103,33
103,41
103,42
103,51
103,52
103,SP3
103,SP4
103,SP3
103,SP4
103,SP3
103,SP4
103,31
103,32
103,33
103,41
103,42
103,51
103,52
103,SP3
103,SP4
103,SP3
103,SP4
103,SP3
103,SP4
103,31
103,32
103,33
103,SP3
103,SP4
103,41
103,42
103,SP3
103,SP4
103,51
103,52
103,SP3
103,SP4
103,31
103,32
103,33
103,SP3
103,SP4
103,41
103,42
103,SP3
103,SP4
103,51
103,52
103,SP3
103,SP4
103,11
103,12
103,13
103,21
103,22
103,23
103,31
103,32
103,33
103,SP3
103,SP4
103,41
103,42
103,SP3
103,SP4
103,51
103,52
103,SP3
103,SP4
103,11
103,12
103,13
103,21
103,22
103,23
103,31
103,32
103,33
103,SP3
103,SP4
103,41
103,42
103,SP3
103,SP4
103,51
103,52
103,SP3
103,SP4
103,11
103,12
103,13
103,21
103,22
103,23
103,K1A
103,K1F
103,K2A
103,K2F
103,11
103,12
103,13
103,21
103,22
103,23
103,31
103,32
103,33
103,SP3
103,SP4
103,41
103,42
103,SP3
103,SP4
103,51
103,52
103,SP3
103,SP4
103,SP3
103,SP4
103,K1A
103,K2A
103,K1F
103,K2F
103,K2P
103,51
103,52
104,11
104,12
104,13
104,14
104,15
104,21
104,22
104,23
104,24
104,25
104,31
104,32
104,33
104,34
104,35
104,41
104,42
104,43
104,44
104,45
104,51
104,52
104,53
104,54
104,55
104,K1A
104,K2P
104,K3A
104,K5
104,11
104,12
104,13
104,14
104,15
104,21
104,22
104,23
104,24
104,25
104,31
104,32
104,33
104,34
104,35
104,41
104,42
104,43
104,44
104,45
104,51
104,52
104,53
104,54
104,55
104,K1A
104,K2P
104,K3A
104,K5
104,11
104,12
104,13
104,14
104,15
104,21
104,22
104,23
104,24
104,25
104,31
104,32
104,33
104,34
104,35
104,41
104,42
104,43
104,44
104,45
104,51
104,52
104,53
104,54
104,55
104,K1A
104,K2P
104,K3A
104,K5
104,11
104,12
104,13
104,14
104,15
104,21
104,22
104,23
104,24
104,25
104,31
104,32
104,33
104,34
104,35
104,41
104,42
104,43
104,44
104,45
104,51
104,52
104,53
104,54
104,55
104,K1A
104,K2P
104,K3A
104,K5
104,11
104,12
104,13
104,14
104,15
104,21
104,22
104,23
104,24
104,25
104,31
104,32
104,33
104,34
104,41
104,42
104,43
104,44
104,45
104,51
104,52
104,53
104,54
104,55
104,31
104,32
104,33
104,34
104,35
104,41
104,42
104,43
104,44
104,45
104,51
104,52
104,53
104,54
104,55
104,31
104,32
104,33
104,34
104,35
104,41
104,42
104,43
104,44
104,45
104,51
104,52
104,53
104,54
104,55
104,31
104,32
104,33
104,34
104,35
104,41
104,42
104,43
104,44
104,45
104,51
104,52
104,53
104,54
104,55
104,31
104,32
104,33
104,34
104,35
104,41
104,42
104,43
104,44
104,45
104,51
104,52
104,53
104,54
104,55
104,11
104,12
104,13
104,14
104,15
104,21
104,22
104,23
104,24
104,25
104,31
104,32
104,33
104,34
104,35
104,41
104,42
104,43
104,44
104,45
104,51
104,52
104,53
104,11
104,12
104,13
104,14
104,15
104,21
104,22
104,23
104,24
104,25
104,31
104,32
104,33
104,34
104,35
104,41
104,42
104,43
104,44
104,45
104,51
104,52
104,53
104,54
104,55
104,11
104,12
104,13
104,14
104,15
104,21
104,22
104,23
104,24
104,25
104,K1A
104,K2P
104,K3A
104,K5
104,11
104,12
104,13
104,21
104,22
104,24
104,31
104,32
104,34
104,41
104,42
104,43
104,51
104,52
104,53
104,S23
104,S45
104,S1
104,SK
104,01
104,K1A
104,K3A
104,ELK
104,K2P
104,04
104,51
104,52
104,53
104,P1A
104,P2P
104,P3A
104,1
104,01
104,02
105,11
105,12
105,13
105,21
105,25
105,31
105,33
105,S23
105,S34
105,41
105,42
105,S34
105,51
105,52
105,K1A
105,KFD
105,11
105,12
105,13
105,21
105,25
105,31
105,33
105,S23
105,S34
105,41
105,42
105,S34
105,51
105,52
105,53
105,54
105,55
105,K1A
105,K4
105,KFD
105,11
105,12
105,13
105,21
105,25
105,31
105,33
105,S23
105,S34
105,41
105,42
105,S34
105,51
105,52
105,53
105,54
105,55
105,K1A
105,KFD
105,11
105,12
105,13
105,21
105,25
105,31
105,33
105,S23
105,S34
105,41
105,42
105,S34
105,51
105,52
105,53
105,54
105,55
105,K1A
105,KFD
105,11
105,12
105,13
105,21
105,25
105,31
105,33
105,S23
105,S34
105,41
105,42
105,S34
105,51
105,52
105,53
105,54
105,55
105,31
105,33
105,S23
105,S34
105,41
105,42
105,S34
105,51
105,52
105,53
105,54
105,55
105,31
105,33
105,S23
105,S34
105,41
105,42
105,S34
105,51
105,52
105,53
105,54
105,55
105,31
105,33
105,S23
105,S34
105,41
105,42
105,S34
105,51
105,52
105,53
105,54
105,55
105,31
105,33
105,S23
105,S34
105,41
105,42
105,S34
105,51
105,52
105,53
105,54
105,55
105,11
105,12
105,13
105,21
105,25
105,S23
105,31
105,33
105,S23
105,S34
105,41
105,42
105,S34
105,51
105,52
105,53
105,54
105,55
105,11
105,12
105,13
105,21
105,25
105,31
105,33
105,41
105,42
105,51
105,52
105,11
105,12
105,13
105,21
105,25
105,K1A
105,KFD
105,11
105,12
105,13
105,21
105,25
105,S23
105,31
105,33
105,41
105,42
105,51
105,52
105,K1A
105,KFD
105,03
105,04
105,51
105,52
105,01
107,11
107,12
107,21
107,22
107,23
107,25
107,31
107,33
107,34
107,35
107,41
107,43
107,44
107,45
107,51
107,52
107,54
107,K1A
107,K2P
107,K3D
107,11
107,12
107,21
107,22
107,23
107,25
107,31
107,33
107,34
107,35
107,41
107,43
107,44
107,45
107,51
107,52
107,54
107,K1A
107,K2P
107,K3D
107,11
107,12
107,21
107,22
107,23
107,25
107,31
107,33
107,34
107,35
107,41
107,43
107,44
107,45
107,51
107,52
107,54
107,K1A
107,K2P
107,K3D
107,11
107,12
107,21
107,22
107,23
107,25
107,31
107,33
107,34
107,35
107,41
107,43
107,44
107,45
107,51
107,52
107,54
107,K1a
107,K2P
107,K3D
107,11
107,12
107,21
107,22
107,23
107,25
107,31
107,33
107,34
107,35
107,41
107,43
107,44
107,45
107,51
107,52
107,54
107,31
107,33
107,34
107,35
107,41
107,43
107,44
107,45
107,51
107,52
107,54
107,31
107,33
107,34
107,35
107,41
107,43
107,44
107,45
107,51
107,52
107,54
107,31
107,33
107,34
107,35
107,41
107,43
107,44
107,45
107,51
107,52
107,54
107,31
107,33
107,34
107,35
107,41
107,43
107,44
107,45
107,51
107,52
107,54
107,11
107,12
107,21
107,22
107,23
107,25
107,31
107,33
107,34
107,35
107,41
107,43
107,44
107,45
107,51
107,52
107,54
107,11
107,12
107,21
107,22
107,23
107,25
107,31
107,33
107,34
107,35
107,41
107,43
107,44
107,45
107,51
107,52
107,54
107,11
107,12
107,21
107,22
107,23
107,25
107,K1
107,K2
107,K3
107,11
107,12
107,21
107,22
107,23
107,25
107,31
107,33
107,34
107,35
107,41
107,43
107,44
107,45
107,51
107,52
107,54
107,23
107,25
107,34
107,01A
107,01
107,02P
107,01
107,02
107,03
107,04
107,51
107,52
107,54
107,01
107,01
107,01
107,01
116,11
116,12
116,S12
116,21
116,22
116,23
116,S21
116,31
116,32
116,33
116,S34
116,41
116,42
116,43
116,S44
116,51
116,52
116,K3D
116,KA1
116,KP2
116,11
116,12
116,S12
116,21
116,22
116,23
116,S21
116,31
116,32
116,33
116,S34
116,41
116,42
116,43
116,S44
116,51
116,52
116,K3D
116,KA1
116,KP2
116,11
116,12
116,S12
116,21
116,22
116,23
116,S21
116,31
116,32
116,33
116,S34
116,41
116,42
116,43
116,S44
116,51
116,52
116,K3D
116,KA1
116,KP2
116,11
116,12
116,S12
116,21
116,22
116,23
116,S21
116,31
116,32
116,33
116,S34
116,41
116,42
116,43
116,S44
116,51
116,52
116,K3D
116,KA1
116,KP2
116,11
116,12
116,S12
116,21
116,22
116,23
116,S21
116,31
116,32
116,33
116,S34
116,41
116,42
116,43
116,S44
116,51
116,52
116,31
116,32
116,33
116,S34
116,41
116,42
116,43
116,S44
116,51
116,52
116,31
116,32
116,33
116,S34
116,41
116,42
116,43
116,S44
116,51
116,52
116,31
116,32
116,33
116,S34
116,41
116,42
116,43
116,S44
116,51
116,52
116,31
116,32
116,33
116,S34
116,41
116,42
116,43
116,S44
116,51
116,52
116,11
116,12
116,S12
116,21
116,22
116,23
116,S21
116,31
116,32
116,33
116,S34
116,41
116,42
116,43
116,S44
116,51
116,52
116,11
116,12
116,S12
116,21
116,22
116,23
116,S21
116,31
116,32
116,33
116,S34
116,41
116,42
116,43
116,S44
116,51
116,52
116,11
116,12
116,S12
116,21
116,22
116,23
116,S21
116,K3D
116,KA1
116,KP2
116,11
116,12
116,S12
116,21
116,22
116,23
116,S21
116,31
116,32
116,33
116,S34
116,41
116,42
116,43
116,S44
116,51
116,52
116,S12
116,S34
116,KA1
116,K3D
116,KP2
116,1
116,01
117,11
117,12
117,14S
117,21
117,22
117,23
117,24S
117,25S
117,31
117,32
117,34S
117,35S
117,41S
117,42
117,43
117,44
117,45S
117,51S
117,52
117,53
117,54S
117,K1A
117,K2P
117,K3D
117,K4D
117,11
117,12
117,14S
117,21
117,22
117,23
117,24S
117,25S
117,31
117,32
117,34S
117,35S
117,41S
117,42
117,43
117,44
117,45S
117,51S
117,52
117,53
117,54S
117,K1A
117,K2P
117,K3D
117,K4D
117,11
117,12
117,14S
117,21
117,22
117,23
117,24S
117,25S
117,31
117,32
117,34S
117,35S
117,41S
117,42
117,43
117,44
117,45S
117,51S
117,52
117,53
117,54S
117,K1A
117,K2P
117,K3D
117,K4D
117,11
117,12
117,14S
117,21
117,22
117,23
117,24S
117,25S
117,31
117,32
117,34S
117,35S
117,41S
117,42
117,43
117,44
117,45S
117,51S
117,52
117,53
117,54S
117,K1A
117,K2P
117,K3D
117,K4D
117,11
117,12
117,14S
117,21
117,22
117,23
117,24S
117,25S
117,31
117,32
117,34S
117,35S
117,41S
117,42
117,43
117,44
117,45S
117,51S
117,52
117,53
117,54S
117,31
117,32
117,34S
117,35S
117,41S
117,42
117,43
117,44
117,45S
117,51S
117,52
117,53
117,54S
117,31
117,32
117,34S
117,35S
117,41S
117,42
117,43
117,44
117,45S
117,51S
117,52
117,53
117,54S
117,31
117,32
117,34S
117,35S
117,41S
117,42
117,43
117,44
117,45S
117,51S
117,52
117,53
117,54S
117,31
117,32
117,34S
117,35S
117,41S
117,42
117,43
117,44
117,45S
117,51S
117,52
117,53
117,54S
117,11
117,12
117,14S
117,21
117,22
117,23
117,24S
117,25S
117,31
117,32
117,34S
117,35S
117,41S
117,42
117,43
117,44
117,45S
117,51S
117,52
117,53
117,54S
117,11
117,12
117,14S
117,21
117,22
117,23
117,24S
117,25S
117,31
117,32
117,34S
117,35S
117,41S
117,42
117,43
117,44
117,45S
117,51S
117,52
117,53
117,54S
117,11
117,12
117,14S
117,21
117,22
117,23
117,24S
117,25S
117,K1A
117,K2P
117,K3D
117,K4D
117,11
117,12
117,14S
117,21
117,22
117,23
117,24S
117,25S
117,31
117,32
117,34S
117,35S
117,41S
117,42
117,43
117,44
117,45S
117,51S
117,52
117,53
117,54S
117,SP3
117,SP5
117,K1A
117,K3D
117,K4D
117,K2P
117,51
117,52
117,53S
117,54S
117,SP4
117,SP4
117,01
301,BR
301,BZ
301,CM
301,CP
301,CRM
301,DW
301,JK
301,KF
301,LA
301,MF
301,SM
301,TM
301,AA
301,AM
301,BA
301,CN
301,DC
301,DD
301,HN
301,JF
301,KJ
301,LG
301,LS
301,SE1
301,SUM
301,TE
301,CF
301,CRM
301,GB
301,JG
301,JP
301,KD
301,KE
301,MH
301,MM
301,NA
301,SB
301,SC
301,TC
301,TH
301,AA
301,AQM
301,BA
301,BR
301,BZ
301,CC
301,CF
301,CM
301,CN
301,CP
301,CRM
301,DC
301,DD
301,DW
301,GB
301,HN
301,JB
301,JF
301,JG
301,JK
301,JP
301,KCE
301,KD
301,KF
301,KJ
301,LA
301,LG
301,LS
301,MF
301,MH
301,MM
301,MV
301,NA
301,PC
301,SB
301,SC
301,SM
301,TC
301,TE
301,TH
301,TM
301,03
301,09
301,04
301,10
301,6A
301,6B
301,6C
301,6D
301,6E
301,6F
301,6G
301,6H
301,6I
301,6J
301,02
301,03
301,04
301,01
301,03
301,1D
301,2A
301,2F
301,3C
301,3G
301,4B
301,6E
301,6H
301,06
301,07
301,1B
301,2T
301,4B
301,4T
301,5B
301,5T
301,6B
301,6T
301,6B
301,7C
301,01
301,03
301,04
301,05
301,06
301,33
301,55
301,6
301,66
301,5A
301,5B
301,5C
301,6D
301,6E
301,6F
301,01
301,03
301,5A
301,5B
301,5C
301,6D
301,6E
301,6F
301,03
301,04
301,10
301,01
301,02
301,07
301,08
301,09
301,01
301,02
301,06
301,M1
301,M2
301,M3
301,M5
301,W3
301,W4
301,W5
301,W1
301,W2
301,1T
301,2B
301,2T
301,3B
301,3T
301,5B
301,TB
301,05
301,06
301,02
301,03
301,04
301,05
301,06
301,22
301,33
301,44
301,05
301,06
301,Z
301,5A
301,5B
301,5C
301,6D
301,6E
301,6F
301,05
301,06
301,03
301,04
301,09
301,10
301,04
301,02
301,01
301,01
301,07
301,02
301,08
301,04
301,10
301,05
301,11
301,06
301,1b5
301,22d
301,23j
301,2a5
301,2n3
301,2n5
301,2p4
301,2Z3
301,4BR
301,4E
301,4P
301,6C
301,6C4
301,E4
301,F4
301,JG4
301,P2
301,TE3
301,TM3
301,01
301,02
301,03
301,04
301,05
301,06
301,07
301,08
301,09
301,10
301,11
301,12
301,01
301,02
301,03
301,04
301,05
301,06
301,07
301,08
301,09
301,10
301,11
301,12
301,01
301,02
301,03
301,04
301,05
301,06
301,07
301,08
301,09
301,10
301,11
301,12
301,1A
301,1B
301,1C
301,1D
301,2A
301,2B
301,2C
301,2D
301,3A
301,3B
301,3C
301,3D
301,4A
301,4B
301,4C
301,4D
301,5A
301,5B
301,5C
301,5D
301,6A
301,6B
301,6C
301,6D
301,05
301,6A
301,6B
301,6C
301,6D
301,6E
301,6F
301,6G
301,6H
301,6IJ
301,6A
301,6B
301,6C
301,6D
301,6E
301,6F
301,6G
301,6H
301,6IJ
301,6A
301,6B
301,6C
301,6D
301,6E
301,6F
301,6G
301,6H
301,6I
301,6J
301,7A
301,7B
301,7C
301,7D
301,7E
301,7F
301,7G
301,7H
301,7I
301,7A
301,7B
301,7C
301,7D
301,7E
301,7F
301,7G
301,7H
301,7I
301,7A
301,7B
301,7C
301,7D
301,7E
301,7F
301,7G
301,7H
301,7I
301,7A
301,7B
301,7C
301,7D
301,7E
301,7F
301,7G
301,7H
301,7I
301,01
301,02
301,03
301,04
301,05
301,07
301,08
301,10
301,11
301,01
301,02
301,03
301,6B
301,7C
301,M4
301,P1
301,P2
301,P5
301,Z1
301,Z2
301,Z3
301,Z4
301,Z5
301,1B
301,1T
301,2B
301,2T
301,3B
301,3T
301,5B
301,5T
301,TB
301,02
301,03
301,04
301,05
301,06
301,22
301,33
301,44
301,55
301,66
301,k12
301,06
301,01
301,02
301,05
301,7F
301,8F
301,SU4
301,6A
301,7A
301,SU3
301,6C
301,6E
301,7E
301,7F
301,8E
301,SU5
301,02
301,01
301,05
301,06
301,SU4
301,02
301,SU4
301,04
301,1A
301,1F
301,2D
301,3H
301,4E
301,4G
301,6B
301,6C
301,06
301,07
301,01
301,06
301,1B
301,1T
301,2B
301,4B
301,4T
301,5T
301,6B
301,6T
301,SU5
301,1B
301,1T
301,2B
301,4B
301,4T
301,5T
301,6B
301,6T
301,01
301,02
301,03
301,04
301,05
301,06
301,11
301,55
301,66
301,Z
301,5A
301,5B
301,5C
301,6D
301,6E
301,6F
301,03
301,04
301,09
301,10
301,01
301,08
301,09
301,07
308,01
308,6S1
308,6S2
308,5S1
308,5S2
308,1S1
308,1S2
308,2S1
308,2S2
308,1JB
308,3LM
308,5AM
308,C1
308,C2
308,C3
308,C4
308,O1
308,O2
308,O3
308,O4
308,O6
308,02
308,S1
308,S2
308,S2P
308,S3P
308,S4
308,W1
308,W2L
308,W3L
308,W5P
308,1W
308,2K
308,3K
308,3W
308,4K
308,4W
308,5K
308,5W
308,6S1
308,6S2
308,6
308,5S1
308,5S2
308,2AM
308,3JB
308,5JA
308,5LM
308,C1
308,C2
308,C4
308,C6
308,O1
308,O2
308,O3
308,O5
308,4
308,S1
308,S3
308,S4
308,S4m
308,S6
308,W1
308,W2
308,W6
308,4G
308,5K
308,1
308,2
308,3B
308,3L
308,4
308,5
308,6
308,5T1
308,5T2
308,5T3
308,5T4
308,01
308,06
308,2
308,2S1
308,2S2
308,3WW
308,5BP
308,6WW
308,02
308,01
308,01
308,06
308,4S1
308,4S2
308,04
308,6S1
308,6S2
308,1RC
308,1TJ
308,2BG
308,2CK
308,2DF
308,2DS
308,2JP
308,2KL
308,2SK
308,2TK
308,5DS
308,5KB
308,5LM
308,6CJ
308,6DS
308,6GD
308,6GF
308,6JD
308,7GD
308,BA2
308,BG2
308,CG1
308,CJ6
308,CK4
308,CT2
308,CT4
308,DF1
308,DF3
308,DF5
308,DS5
308,DS6
308,GD1
308,GD2
308,GD6
308,GD7
308,GF4
308,GF6
308,JB4
308,JD2
308,JD6
308,JK6
308,JP1
308,LA5
308,LK1
308,LK4
308,LK6
308,MJ5
308,MJ6
308,MS1
308,RC6
308,SK2
308,SK4
308,SK5
308,TJ1
308,TJ2
308,1S1
308,1S2
308,2S1
308,2S2
308,3S1
308,3S2
308,4S1
308,4S2
308,5S1
308,5S2
308,6S1
308,6S2
308,1S1
308,1S2
308,2S1
308,2S2
308,3S1
308,3S2
308,4MS
308,4S1
308,4S2
308,5S1
308,5S2
308,6S1
308,6S2
308,1S1
308,1S2
308,2S1
308,2S2
308,3S1
308,3S2
308,4S1
308,4S2
308,5S1
308,5S2
308,6S1
308,6S2
308,6AM
308,6CJ
308,6GD
308,6GF
308,6JD
308,6JK
308,6LM
308,6RC
308,6SJ
308,6SK
308,6TJ
308,7AE
308,7BG
308,7DF
308,7JB
308,7JH
308,7JP
308,7KB
308,7LA
308,7LK
308,7MJ
308,7ML
308,7MM
308,7MS
308,SW
308,8AB
308,8CK
308,8DS
308,8JB
308,8JG
308,8JH
308,8JP
308,8KL
308,8LE
308,8ML
308,8TK
308,8TW
308,04
308,1S1
308,1S2
308,1A1
308,1A2
308,1A3
308,2A1
308,2A2
308,2A4
308,4C1
308,4C2
308,4C4
308,4D1
308,4D2
308,4D3
308,5B1
308,5B2
308,5B3
308,5C2
308,5C3
308,5C4
308,6A1
308,6B1
308,6B2
308,6B4
308,1A4
308,2A3
308,4C3
308,4D4
308,5B4
308,5C1
308,6B3
308,2A1
308,2A3
308,2A4
308,2B1
308,2B2
308,2B3
308,3A1
308,3A2
308,3A3
308,3B1
308,3B2
308,3B4
308,4B1
308,4B3
308,4B4
308,5A1
308,5A3
308,5A4
308,6B1
308,6B3
308,6B4
308,2A2
308,2B4
308,3A4
308,3B3
308,4B2
308,5A2
308,6B2
308,1B1
308,1B3
308,1B4
308,1C2
308,1C3
308,1C4
308,2D2
308,2D3
308,2D4
308,3A2
308,3A3
308,3A4
308,3B1
308,3B3
308,3B4
308,5D1
308,5D2
308,5D4
308,6A2
308,6A3
308,6A4
308,1B2
308,1C1
308,2D1
308,3A1
308,3B2
308,5D3
308,6A1
308,1AM
308,2LM
308,4JB
308,6S1
308,6S2
308,6S1
308,6S2
308,1S1
308,1S2
308,C3
308,C4
308,C5
308,C6
308,O1
308,O2
308,O3
308,O4
308,O5
308,S1
308,S3
308,S4
308,S5
308,S6
308,W1
308,W3
308,W4
308,W5
308,1G
308,3G
308,4G
308,4L
308,5G
308,5L
308,6G
308,6L
308,C1
308,C2
308,C3
308,C5
308,O1
308,O2
308,O3
308,O4
308,O5
308,03
308,S2
308,S3
308,S4
308,S5
308,S6
308,W4
308,W5
308,W6
308,AV6
308,S2
308,S3
308,S4
308,S5
308,S6
308,W4
308,W5
308,W6
308,2E
308,3E
308,4E
308,4K
308,5E
308,5K
308,6E
308,6W
308,S2
308,5A3
308,5B4
308,5C1
308,5D2
308,6S1
308,6S2
308,1S1
308,1S2
308,2S1
308,2S2
406,01
406,02
406,03
406,04
406,05
406,06
406,07
406,09
406,10
406,11
406,12
406,13
406,14
406,15
406,17
406,NP
406,01
406,02
406,03
406,04
406,05
406,06
406,07
406,08
406,09
406,10
406,11
406,12
406,13
406,14
406,01
406,02
406,03
406,04
406,05
406,06
406,07
406,08
406,09
406,10
406,11
406,12
406,13
406,40
406,SUQ
406,01
406,02
406,04
406,05
406,06
406,07
406,08
406,09
406,10
406,11
406,12
406,13
406,14
406,15
406,01
406,02
406,05
406,06
406,05
406,06
406,04
406,SQ2
406,s03
406,01
406,03
406,01
406,03
406,01
406,NPC
406,NPH
406,NPR
406,S00
406,S06
406,01
406,02
406,01
406,02
406,01
406,02
406,03
406,01
406,02
406,03
406,04
406,05
406,07
406,08
406,09
406,10
406,11
406,01
406,02
406,04
406,03
406,04
406,09
406,10
406,ND2
406,NPD
406,NPW
406,05
406,06
406,02
406,08
406,S03
406,02
406,08
406,05
406,11
406,S00
406,S03
406,S06
406,05
406,11
406,S06
406,S00
406,S01
406,S06
406,03
406,04
406,05
406,SOO
406,09
406,10
406,11
406,04
406,S00
406,S01
406,SO2
406,04
406,06
406,10
406,12
406,05
406,11
406,NCO
406,S01
406,S02
406,S05
406,SO3
406,05
406,06
406,12
406,20
406,21
406,22
406,00
406,03
406,04
406,05
406,06
406,10
406,20
406,01
406,02
406,03
406,05
406,06
406,07
406,08
406,10
406,11
406,12
406,98
406,99
406,SQ1
406,01
406,02
406,03
406,05
406,06
406,07
406,10
406,11
406,12
406,98
406,99
406,SQ1
406,s01
406,s02
406,S01
406,S02
406,s01
406,s02
406,s01
406,s02
406,CRH
406,NPC
406,NPD
406,NPW
406,S01
406,s02
406,SO3
406,01
406,02
406,03
406,04
406,05
406,06
406,07
406,09
406,12
406,01
406,02
406,03
406,04
406,05
406,06
406,07
406,09
406,12
406,NPA
406,NPC
406,NPD
406,NPR
406,NPW
406,S00
406,SO1
406,01
406,02
406,03
406,04
406,05
406,06
406,07
406,09
406,10
406,11
406,01
406,02
406,03
406,04
406,05
406,06
406,07
406,09
406,10
406,11
406,12
406,NPA
406,NPC
406,NPD
406,NPH
406,NPR
406,NPW
406,S00
406,S04
406,01
406,03
406,04
406,05
406,06
406,08
406,10
406,01
406,03
406,04
406,05
406,06
406,08
406,10
406,02
406,03
406,08
406,04
406,NPC
406,NPD
406,NPR
406,NPW
406,S00
406,SO1
406,01
406,03
406,05
406,06
406,01
406,02
406,03
406,05
406,06
406,02
406,04
406,02
406,09
406,NPR
406,NR2
406,02
406,03
406,S03
406,SO4
406,06
406,12
406,06
406,12
406,01
406,03
406,08
406,NC2
406,NPA
406,NPD
406,NPH
406,NPR
406,NR2
406,NW2
406,06
406,07
406,NPH
406,01
406,06
406,05
406,06
406,S04
406,SO3
406,11
406,12
406,02
406,08
406,01
406,02
406,04
406,S06
406,03
406,S05
406,99
406,S01
406,SO2
406,NPD
406,NPC
406,NPD
406,NPR
406,NPW
406,S00
406,NC2
406,ND2
406,NPA
406,NPR
406,NPW
406,NR2
406,NW2
406,S01
406,02
406,03
406,04
406,08
406,09
406,10
406,06
406,05
406,99
406,02
406,03
406,04
406,05
406,06
406,08
406,09
406,10
406,11
406,12
406,02
406,03
406,04
406,05
406,03
406,04
406,05
406,02
406,08
406,04
406,05
406,04
406,05
406,10
406,11
406,04
406,05
406,S01
406,04
406,05
406,00
406,N01
406,N01
406,01
406,01
406,NPA
406,NPC
406,NPD
406,NPH
406,NPR
406,S02
406,SO3
406,SOO
406,01
406,02
406,03
406,04
406,06
406,07
406,08
406,10
406,11
406,01
406,02
406,03
406,04
406,06
406,07
406,08
406,10
406,11
406,NPC
406,NPD
406,NPR
406,03
406,04
406,CR
406,JCI
406,NPA
406,NPC
406,NPD
406,NPH
406,NPR
406,S01
406,S10
406,S12
406,SQ2
406,SQ3
406,01
406,02
406,03
406,04
406,05
406,06
406,08
406,09
406,10
406,12
406,SQ3
406,01
406,02
406,03
406,04
406,05
406,06
406,08
406,09
406,10
406,12
406,01
406,02
406,05
406,NPC
406,NPD
406,NPH
406,NPR
406,NPW
406,S02
406,01
406,02
406,03
406,04
406,05
406,06
406,08
406,01
406,02
406,03
406,04
406,05
406,06
406,08
406,NPD
406,01
406,05
406,01
406,05
406,01
406,NPD
406,04
406,06
406,04
406,06
406,05
406,06
406,NPD
406,05
406,NPD
406,05
406,06
406,NPA
406,NPC
406,NPD
406,NPR
406,NPW
406,S02
406,S1
406,S2
406,NPR
406,S00
406,03
406,04
406,06
406,08
406,09
406,NPD
406,NPH
406,S06
406,S1
406,01
406,01
406,11
406,01
406,02
406,03
406,01
406,01
406,65
406,66
406,04
406,02
406,06
406,99
406,03
406,01
406,65
406,ND2
406,NPD
406,npr
406,NPW
406,NR2
406,NW2
406,02
406,05
406,01
406,02
406,03
406,05
406,06
406,07
406,08
406,09
406,10
406,11
406,I01
406,ND2
406,NP1
406,NPA
406,NPD
406,NPR
406,NPW
406,NR2
406,NW2
406,S00
406,S16
406,01
406,02
406,03
406,04
406,08
406,09
406,11
406,12
406,NC2
406,ND2
406,NP1
406,NPC
406,NPD
406,NPR
406,NPW
406,NR2
406,S04
406,S05
406,03
406,04
406,07
406,01
406,04
406,05
406,10
406,40
406,44
406,04
406,10
406,NPC
406,NPD
406,NPR
406,01
406,08
406,10
406,01
406,05
406,10
406,CRD
406,NA2
406,NC2
406,NP3
406,NP4
406,NPA
406,NPC
406,NPD
406,NPR
406,NPW
406,NW2
406,S00
406,S01
406,S04
406,S2
406,SO5
406,06
406,09
406,11
406,02
406,07
406,01
406,02
406,03
406,04
406,11
406,01
406,01
406,02
406,03
406,04
406,01
406,03
406,11
406,12
406,01
406,02
406,04
406,01
406,03
406,04
406,S1
406,01
406,02
406,03
406,04
406,01
406,02
406,01
406,02
406,04
406,01
406,02
406,03
406,04
406,11
406,13
406,21
406,01
406,02
406,03
406,04
406,01
406,02
406,01
406,01
406,02
406,04
406,01
406,02
406,01
406,02
406,03
406,04
406,01
406,02
406,03
406,04
406,01
406,02
406,01
406,02
406,03
406,02
406,S2
406,01
406,02
406,S1
406,S2
406,01
406,02
406,04
406,01
406,01
406,02
406,11
406,01
406,02
406,01
406,02
406,03
406,04
406,01
406,02
406,04
406,01
406,02
406,01
406,02
406,04
406,01
406,02
406,01
406,02
406,S1
406,01
406,02
406,04
406,01
406,01
406,02
406,03
406,04
406,11
406,02
406,01
406,02
406,03
406,04
406,11
406,12
406,01
406,02
406,04
406,01
406,01
406,02
406,01
406,02
406,03
406,04
406,01
406,02
406,04
406,01
406,02
406,04
406,01
406,01
406,02
406,04
406,01
406,02
406,01
406,02
406,03
406,04
406,01
406,02
406,01
406,01
406,01
406,02
406,02
406,04
406,01
406,02
406,04
406,01
406,02
406,03
406,02
406,01
406,03
406,04
406,S1
406,01
406,02
406,01
406,02
406,03
406,01
406,02
406,03
406,04
406,06
406,01
406,02
406,01
406,02
406,04
406,01
406,02
406,01
406,02
406,03
406,01
406,02
406,04
406,01
406,02
406,NPC
406,NPD
406,NPR
406,NPW
406,S00
406,S04
406,SO3
406,01
406,02
406,03
406,04
406,05
406,06
406,08
406,10
406,12
406,01
406,02
406,03
406,04
406,05
406,06
406,08
406,10
406,12
406,NPA
406,NPD
406,NPH
406,S03
406,NPA
406,NPC
406,NPD
406,NPR
406,NPW
406,S03
406,01
406,02
406,03
406,04
406,05
406,06
406,07
406,11
406,01
406,02
406,03
406,04
406,05
406,06
406,07
406,11
406,03
406,06
406,S05
406,02
406,02
406,04
406,NPR
406,01
406,02
406,03
406,04
406,05
406,06
406,07
406,01
406,02
406,03
406,04
406,05
406,06
406,07
406,02
406,NPR
406,NPW
406,01
406,02
406,01
406,02
406,01
406,01
406,04
406,05
406,06
406,01
406,02
406,03
406,04
406,05
406,06
406,07
406,08
406,09
406,10
406,11
406,12
406,20
406,30
406,91
406,92
406,93
406,94
406,95
406,96
406,01
406,02
406,03
406,04
406,05
406,06
406,07
406,11
406,12
406,23
406,92
406,93
406,96
406,91
406,96
406,03
406,04
406,06
406,02
406,03
406,04
406,94
406,06
406,26
406,02
406,03
406,12
406,02
406,03
406,04
406,09
406,22
406,91
406,94
406,95
406,02
406,05
406,95
406,03
406,94
406,93
406,94
406,95
406,01
406,02
406,03
406,04
406,05
406,06
406,07
406,12
406,01
406,02
406,04
406,05
406,07
406,10
406,11
406,12
406,01
406,09
406,S1
406,88
406,89
406,NPA
406,NPR
406,NR2
406,NW2
406,S01
406,S02
406,SO2
406,S1
406,S2
406,01
406,02
406,04
406,05
406,07
406,08
406,11
406,NA2
406,ND2
406,NPC
406,NPD
406,NPR
406,NPW
406,NR2
406,NW2
406,S02
406,SO3
406,SOO
406,NPA
406,NPC
406,NPD
406,NPR
406,NPW
406,S00
406,S05
406,S10
406,01
406,02
406,03
406,04
406,05
406,06
406,07
406,09
406,10
406,01
406,02
406,03
406,04
406,05
406,06
406,07
406,09
406,10
406,05
406,06
406,05
406,06
406,03
406,09
406,12
406,02
406,20
406,99
406,NPA
406,NPC
406,NPD
406,NPR
406,NPW
406,S01
406,S05
406,01
406,02
406,03
406,04
406,05
406,06
406,07
406,08
406,11
406,12
406,IS
406,01
406,02
406,03
406,04
406,05
406,06
406,08
406,10
406,11
406,88
406,01
406,01
406,02
406,04
406,06
406,07
406,08
406,12
406,NC2
406,ND2
406,NPC
406,NPD
406,NPR
406,NPW
406,NR2
406,NW2
406,S00
406,S01
406,S02
406,S05
406,SO3
406,03
406,06
406,04
406,08
406,ND2
406,NPD
406,NPW
406,NW2
406,04
406,01
406,01
406,02
406,03
406,04
406,05
406,06
406,14
406,31
406,32
406,33
406,34
406,35
406,36
406,41
406,42
406,43
406,44
406,45
406,46
406,51
406,52
406,53
406,54
406,55
406,56
406,66
406,01
406,02
406,03
406,04
406,05
406,06
406,07
406,08
406,09
406,10
406,11
406,12
406,01
406,04
406,06
406,07
406,08
406,12
406,01
406,02
406,03
406,04
406,05
406,06
406,07
406,08
406,09
406,10
406,11
406,12
406,01
406,02
406,03
406,04
406,05
406,06
406,07
406,08
406,09
406,10
406,11
406,12
406,13
406,14
406,15
406,16
406,17
406,18
406,19
406,20
406,21
406,22
406,23
406,24
406,25
406,26
406,27
406,28
406,29
406,30
406,31
406,32
406,33
406,35
406,36
406,37
406,38
406,39
406,40
406,41
406,42
406,43
406,NPR
406,S00
406,SO1
406,01
406,02
406,03
406,04
406,05
406,06
406,07
406,08
406,09
406,10
406,11
406,12
406,13
406,14
406,15
406,16
406,17
406,18
406,19
406,20
406,21
406,22
406,23
406,24
406,25
406,26
406,27
406,28
406,29
406,30
406,31
406,32
406,33
406,34
406,35
406,36
406,37
406,38
406,39
406,40
406,41
406,42
406,43
406,44
406,45
406,46
406,48
406,49
406,50
406,51
406,52
406,53
406,54
406,56
406,59
406,60
406,61
406,62
406,63
406,64
406,S04
406,S06
406,S1
406,S2
406,T1
406,T2
406,03
406,04
406,05
406,03
406,03
406,04
406,03
406,04
406,06
406,01
406,02
406,01
406,02
406,01
406,02
406,06
406,03
406,03
406,01
406,02
406,03
406,S05
406,01
406,06
406,07
406,12
406,02
406,03
406,04
406,01
406,06
406,04
406,02
406,S1
406,S2
406,T1
406,T2
406,T3
406,S1
406,Z1
406,S1
406,Z1
406,T1
406,T2
406,T3
406,S1
406,ND2
406,NP2
406,NPD
406,NPR
406,S2
406,NPH
406,01
406,01
406,01
406,01
406,02
406,01
406,01
406,01
406,01
406,99
406,01
406,01
406,01
406,01
406,04
406,01
406,01
406,02
406,04
406,05
406,06
406,04
406,05
406,06
406,03
406,01
406,03
406,05
406,03
406,05
406,01
406,06
406,01
406,06
406,01
406,04
406,04
406,01
406,01
406,NPH
406,NPD
406,NPR
406,NPW
406,02
406,05
406,06
406,02
406,05
406,06
406,NPR
406,NPW
406,S01
406,01
406,02
406,03
406,04
406,05
406,01
406,02
406,03
406,04
406,05
406,01
406,03
406,06
406,01
406,03
406,06
406,06
406,S01
406,S1
406,S2
406,01
406,02
406,S1
406,S2
406,S2
406,S1
406,S2
406,S1
406,S2
406,S1
406,S2
406,S1
406,S2
406,s2
406,s2
406,S2
406,01
420,03
420,030
420,07
420,070
420,09
420,090
420,10
420,100
420,11
420,110
420,12
420,120
420,17
420,03
420,030
420,07
420,070
420,09
420,090
420,10
420,100
420,11
420,110
420,12
420,12a
420,07
420,09
420,10
420,11
420,12
420,13
420,13
420,13a
420,13
420,13a
420,13
420,13a
420,13
420,13a
420,13
420,13
420,13a
420,13
420,13a
420,03
420,07
420,09
420,10
420,11
420,12
420,03
420,07
420,09
420,10
420,11
420,12
420,03
420,07
420,09
420,10
420,11
420,12
420,12
420,03
420,07
420,09
420,10
420,11
420,12
420,03
420,030
420,07
420,070
420,09
420,090
420,10
420,100
420,11
420,110
420,12
420,12a
420,12
420,12a
420,03
420,030
420,07
420,070
420,09
420,090
420,10
420,100
420,11
420,110
420,12
420,12a
420,03
420,030
420,07
420,070
420,09
420,090
420,10
420,100
420,11
420,110
420,12
420,12a
420,03
420,030
420,07
420,070
420,09
420,090
420,10
420,100
420,11
420,110
420,12
420,120
420,03
420,07
420,09
420,10
420,11
420,03
420,07
420,09
420,10
420,11
420,12
420,05
420,YR
420,05
420,YR
420,05
420,YR
420,05
420,YR
420,05
420,YR
420,05
420,YR
420,03
420,030
420,07
420,070
420,09
420,090
420,10
420,100
420,12
420,12a
420,33
420,05
420,YR
420,03
420,07
420,09
420,10
420,11
420,03
420,03a
420,07
420,09
420,10
420,11
420,12
420,03
420,07
420,09
420,10
420,12
420,03
420,07
420,09
420,10
420,11
420,12
420,03
420,07
420,09
420,10
420,11
420,03
420,07
420,09
420,10
420,11
420,12
420,03
420,07
420,09
420,10
420,11
420,12
420,T1
420,03
420,030
420,07
420,070
420,09
420,090
420,10
420,100
420,12
420,12a
420,03
420,030
420,07
420,070
420,09
420,090
420,10
420,100
420,11
420,110
420,12
420,12a
420,03
420,030
420,07
420,070
420,09
420,090
420,10
420,100
420,11
420,110
420,12
420,12a
420,03
420,030
420,07
420,070
420,09
420,090
420,10
420,100
420,11
420,110
420,12
420,12a
420,03
420,030
420,07
420,070
420,09
420,090
420,10
420,100
420,11
420,110
420,12
420,120
420,03
420,03a
420,07
420,07a
420,09
420,09a
420,10
420,10a
420,11
420,11a
420,12
420,12a
420,S1
420,S2
420,01
420,S1
420,S2
420,S1
420,S2
420,S1
420,S2
420,S1
420,S2
420,03
420,07
420,09
420,10
420,11
420,12
420,03
420,07
420,09
420,10
420,11
420,12
420,03
420,07
420,09
420,09a
420,10
420,11
420,12
420,09
420,12
420,03
420,030
420,07
420,070
420,09
420,090
420,10
420,100
420,11
420,110
420,03
420,07
420,09
420,10
420,11
420,03
420,07
420,09
420,10
420,11
420,03
420,030
420,07
420,070
420,09
420,090
420,10
420,100
420,11
420,110
420,03
420,07
420,09
420,10
420,11
420,03
420,07
420,09
420,10
420,11
420,03
420,07
420,09
420,10
420,11
420,03
420,030
420,07
420,070
420,09
420,090
420,10
420,100
420,11
420,110
420,03
420,030
420,07
420,070
420,09
420,090
420,10
420,100
420,11
420,110
420,03
420,07
420,09
420,10
420,11
420,03
420,07
420,09
420,10
420,11
420,03
420,030
420,07
420,070
420,09
420,090
420,10
420,100
420,11
420,110
420,03
420,030
420,07
420,070
420,09
420,090
420,10
420,100
420,11
420,110
420,03
420,030
420,04
420,040
420,05
420,050
420,07
420,070
420,09
420,090
420,10
420,100
420,11
420,110
420,12
420,12a
420,03
420,030
420,07
420,070
420,09
420,090
420,10
420,100
420,11
420,110
420,12
420,12a
420,03
420,03a
420,07
420,09
420,10
420,11
420,12
420,03
420,07
420,09
420,09a
420,10
420,11
420,12
420,03
420,030
420,07
420,070
420,09
420,090
420,10
420,100
420,12
420,12A
420,03
420,030
420,07
420,070
420,09
420,090
420,10
420,100
420,11
420,110
420,S1
420,03
420,07
420,09
420,09a
420,10
420,11
420,12
420,03
420,07
420,09
420,10
420,03
420,07
420,09
420,09a
420,10
420,11
420,12
420,03
420,07
420,09
420,10
420,S1
420,S2
420,S2
420,T1
420,T2
420,S1
420,S2
420,S1
420,T2
420,T1
420,S1
420,S1
420,S2
420,T1
420,T2
420,S1
420,S2
420,S1
420,S2
420,S1
420,S1
420,S2
420,S1
420,S2
420,S1
420,S2
420,S1
420,S2
420,S1
420,T1
420,T2
420,T1
420,S1
420,S2
420,S1
420,S2
420,05
420,05a
420,03
420,030
420,05
420,050
420,07
420,070
420,09
420,090
420,10
420,100
420,11
420,110
420,12
420,12a
420,04
420,05
420,07
420,04
420,05
420,07
420,14
420,15
420,17
420,04
420,05
420,07
420,14
420,15
420,17
420,09
420,19
420,10
420,10A
420,04
420,05
420,07
420,09
420,10
420,110
420,14
420,15
420,17
420,19
420,09
420,09A
420,04
420,05
420,07
420,04
420,05
420,07
420,14
420,15
420,17
420,04
420,05
420,07
420,14
420,15
420,17
420,04
420,05
420,07
420,09
420,10
420,110
420,14
420,15
420,17
420,19
420,04
420,05
420,07
420,14
420,15
420,17
420,04
420,04a
420,05
420,05a
420,07
420,07a
420,04
420,04a
420,05
420,05a
420,07
420,07a
420,04
420,05
420,07
420,14
420,15
420,17
420,04
420,05
420,07
420,14
420,15
420,17
420,04
420,05
420,14
420,15
420,04
420,05
420,07
420,04
420,05
420,07
420,14
420,15
420,17
420,07
420,07A
420,04
420,05
420,14
420,15
420,17
420,03
420,07
420,09
420,10
420,11
420,12
420,01
420,07
420,09
420,09a
420,12
420,12a
420,s1
420,S2
420,T1
420,03
420,04
420,05
420,07
420,09
420,10
420,11
420,110
420,111
420,13
420,14
420,15
420,17
420,19
420,04
420,05
420,07
420,04
420,05
420,07
420,14
420,15
420,17
420,S1
420,05
420,07
420,04
420,05
420,07
420,14
420,15
420,17
420,12
420,12a
420,03
420,07
420,09
420,10
420,11
420,12
420,03
420,07
420,09
420,10
420,11
420,12
440,01
440,02
440,03
440,04
440,05
440,06
440,07
440,08
440,09
440,19
440,KP3
440,SO1
440,SO2
440,SO1
440,05
440,13
440,KP1
440,KP2
440,KP3
440,KP4
440,KP5
440,KP6
440,S01
440,10
440,11
440,12
440,SO1
440,10
440,10x
440,11
440,11x
440,12
440,12x
440,KP1
440,SO1
440,07
440,10
440,11
440,12
440,07
440,10
440,11
440,12
440,07
440,08
440,07
440,08
440,KP1
440,KP2
440,04
440,06
440,SO1
440,KPL
440,S01
440,S02
440,S2
440,04a
440,08a
440,KP1
440,SO1
440,04b
440,08a
440,08b
440,SO2
440,08a
440,08b
440,09
440,SO1
440,SO2
440,SO3
440,08b
440,SO1
440,00
440,09
440,16
440,KP3
440,KPL
440,SO1
440,00p
440,10b
440,12
440,14
440,15
440,16
440,KPL
440,S00
440,SOb
440,12
440,SO1
440,SO2
440,SO3
440,01
440,00b
440,07
440,11b
440,14
440,S01
440,00a
440,00b
440,07a
440,07b
440,11a
440,11b
440,14
440,KP1
440,KP2
440,KP3
440,KPL
440,SO1
440,SO2
440,00a
440,00b
440,01a
440,01b
440,02a
440,02b
440,03a
440,03b
440,04a
440,04b
440,05a
440,05b
440,06a
440,06b
440,KP1
440,KP2
440,SO1
440,SO2
440,SQ1
440,SQ1
440,SQ2
440,SQ1
440,SQ2
440,SQ1
440,SQ2
440,01
440,02
440,03
440,04
440,08
440,09
440,10
440,11
440,13
440,15
440,KP2
440,KP3
440,KP4
440,KP5
440,KPL
440,SO1
440,01
440,02
440,03
440,04
440,08
440,09
440,10
440,11
440,04
440,05
440,06
440,08
440,09
440,10
440,11
440,13
440,15
440,KP2
440,KP3
440,KP4
440,KPL
440,SO1
440,00
440,04
440,05
440,06
440,08
440,09
440,10
440,11
440,13
440,15
440,KPL
440,02
440,03
440,04
440,05
440,12
440,13
440,15
440,KP1
440,KP2
440,KP3
440,KP4
440,KPL
440,SO0
440,SO1
440,SO2
440,SO3
440,03
440,05
440,12
440,00
440,01
440,08
440,09
440,10
440,11
440,12
440,13
440,15
440,KP2
440,KP3
440,KP4
440,KP5
440,KPL
440,SO1
440,02
440,03
440,06a
440,12b
440,KP1
440,KP2
440,KPL
440,00
440,00
440,00r
440,06b
440,KP1
440,KP2
440,00
440,01
440,06
440,00
440,12a
440,00
440,00b
440,12a
440,KP1
440,KP1
440,KP2
440,00a
440,00b
440,04a
440,04b
440,KP1
440,KP2
440,KP3
440,KP4
440,KP5
440,01
440,02
440,03
440,04
440,00
440,01
440,02
440,03
440,04
440,04a
440,B12
440,KP1
440,KP2
440,KP3
440,SO1
440,SPn
440,T1G
440,T1N
440,T2G
440,T2N
440,W1N
440,W2N
440,02
440,04
440,06
440,03
440,05
440,03
440,04
440,05
440,10
440,01S
440,07
440,S1
440,SO1
440,00
440,02
440,04
440,05
440,05C
440,07
440,08
440,09
440,12
440,15
440,15a
440,16
440,16b
440,KP2
440,KP3
440,KP4
440,KP5
440,KPL
440,SO1
440,SO2
440,SO3
440,14
440,KP1
440,KP2
440,KP3
440,KP4
440,KP5
440,KPL
440,SO1
440,02
440,03
440,04
440,07
440,07T
440,12
440,12T
440,15
440,15b
440,16
440,16b
440,KP1
440,KP2
440,KP3
440,KP4
440,SO1
440,SO2
440,KP1
440,KP2
440,KP3
440,KP4
440,01
440,03
440,06
440,08
440,10
440,11
440,15
440,16
440,KP2
440,KP3
440,KPL
440,SO1
440,SO2
440,01
440,02
440,06
440,09
440,SO1
440,SO2
440,04
440,SO1
440,03
440,05
440,SO1
440,TR1
440,00
440,02
440,03
440,01
440,KP1
440,KP2
440,00
440,00b
440,00c
440,00h
440,01a
440,01C
440,04b
440,05a
440,05b
440,06a
440,06b
440,14a
440,14b
440,KP1
440,KP2
440,KP3
440,KP4
440,KP5
440,KPL
440,00
440,00b
440,02b
440,06a
440,10a
440,10b
440,14a
440,14b
440,KP1
440,KP2
440,KP3
440,KP4
440,KPL
440,SO1
440,SO2
440,SO3
440,04a
440,01b
440,05a
440,05b
440,06a
440,06b
440,00
440,00b
440,00h
440,00n
440,03b
440,05
440,05b
440,06
440,0ba
440,0bb
440,0hb
440,K1a
440,KP1
440,KP2
440,KP3
440,KP4
440,KP5
440,KP6
440,KP7
440,KP8
440,KP9
440,S01
440,SO1
440,SO2
440,01a
440,01b
440,03a
440,03b
440,SO1
440,02b
440,02a
440,TR1
440,TR2
440,RS
440,RS
440,RS2
440,00
440,01
440,02
440,03
440,04
440,09
440,10
440,11
440,12
440,16
440,KP1
440,KP2
440,KP3
440,KP4
440,SO1
440,SO2
440,SO3
440,01
440,02
440,05
440,06
440,16
440,16a
440,KP1
440,KP2
440,KP3
440,KP4
440,KP5
440,00
440,01
440,02
440,03
440,09
440,10
440,11
440,12
440,13
440,KP1
440,KP2
440,KP3
440,KP4
440,07
440,07
440,16
440,06
440,05
440,06
440,07
440,08
440,09
440,SO1
440,SO2
440,11
440,12
440,KP1
440,KP2
440,KP3
440,S01
440,01
440,02
440,03
440,04
440,05
440,05P
440,06
440,00
440,04
440,05
440,01
440,03
440,06
440,KP1
440,03
440,04
440,05
440,06
440,06c
440,07
440,08
440,08c
440,SO1
440,00
440,03
440,08
440,KP1
440,00
440,01
440,02
440,03
440,04
440,04c
440,00
440,02
440,05
440,00
440,04
440,07
440,07j
440,KP1
440,00
440,07
440,10
440,12
440,00
440,05
440,09
440,00
440,00
440,00b
440,10b
440,11b
440,12a
440,KP1
440,KP2
440,KP3
440,KP4
440,KP5
440,KP6
440,KP7
440,01
440,02
440,03
440,04
440,08
440,09
440,10
440,10h
440,11
440,11h
440,KP1
440,KP2
440,KP3
440,KP4
440,KP5
440,KPL
440,SO1
440,SO2
440,00
440,00b
440,01
440,04
440,05
440,06
440,07
440,08
440,10
440,12
440,15
440,15b
440,KP2
440,KP3
440,KP4
440,KPL
440,SO1
440,SO2
440,05
440,08
440,04b
440,05b
440,08b
440,10b
440,11b
440,00
440,00c
440,03
440,04
440,05
440,05j
440,06
440,07
440,08
440,16
440,KP1
440,KP2
440,KP3
440,KP4
440,SO1
440,11
440,03
440,04
440,00
440,02a
440,04b
440,10a
440,10b
440,11a
440,11b
440,12b
440,KP1
440,KP2
440,KP3
440,KP4
440,KP5
440,KPL
440,SO1
440,SO2
440,SO3
440,11
440,01a
440,01b
440,02a
440,02b
440,03a
440,03b
440,04a
440,04b
440,05a
440,05b
440,06a
440,06b
440,01a
440,01b
440,02a
440,02b
440,03a
440,03b
440,04a
440,04b
440,05a
440,05b
440,06a
440,06b
440,13a
440,15b
440,16a
440,01
440,02
440,03
440,04
440,05
440,06
440,07
440,08
440,09
440,10
440,11
440,12
440,13
440,13L
440,14
440,15
440,16
440,17
440,18
440,19
440,20
440,21
440,22
440,23
440,24
440,25
440,26
440,27
440,28
440,29
440,30
440,34
440,35
440,37
440,38
440,39
440,40
440,SO1
440,SO2
440,01
440,02
440,03
440,04
440,05
440,06
440,07
440,08
440,09
440,10
440,11
440,12
440,13
440,14
440,15
440,16
440,17
440,18
440,20
440,21
440,22
440,23
440,24
440,30
440,31
440,32
440,33
440,34
440,35
440,36
440,37
440,38
440,39
440,40
440,41
440,SO1
440,SO2
440,SO3
440,01a
440,01b
440,02a
440,02b
440,03a
440,03b
440,04a
440,04b
440,05a
440,05b
440,06a
440,06b
440,07a
440,07b
440,08a
440,08b
440,09a
440,09b
440,10a
440,10b
440,11a
440,11b
440,12a
440,12b
440,06
440,SO1
440,14
440,16
440,KP3
440,14
440,16
440,KP3
440,01
440,04
440,04
440,KPL
440,04
440,00
440,03
440,00
440,03
440,02
440,06
440,05
440,03a
440,03b
440,02
440,05
440,05a
440,05b
440,11a
440,11b
440,08
440,11
440,SO1
440,04
440,05
440,06
440,04
440,05
440,06
440,01
440,02
440,04
440,05
440,06
440,TR1
440,01
440,01
440,01
440,02
440,01
440,01
440,01
440,01a
440,01
440,02
440,03
440,01
440,02
440,01
440,01
440,01
440,03
440,05
440,02
440,04
440,04
440,03
440,04
440,11
440,10
440,20
440,03
440,06
440,06
440,06
440,09
440,10
440,04
440,12
440,00
440,01
440,04
440,06
440,02
440,05
440,06
440,07
440,11
440,07
440,10
440,12
440,01
440,04
440,06
440,03
440,01
440,02
440,03
440,04
440,S01
440,S02
440,SO3
440,SO1
440,10
440,10b
